Variable,both,cpd,ucpd
(Intercept),556.835120892023,-282.989998304404,-273.845122587619
primary_typeliquor law violation,,,1.17442520934853
primary_typeother,,-0.679435065603688,
primary_typerobbery,1.4342165770593,,
domesticTRUE,,0.227748816406105,
avg_family_size,,,-0.0550227661935477
pop_asian,,-2.98873522992859,
pop_black,,0.323600450070076,
pop_family_hh,,,-2.55527900948618
pop_in_hus,,,-0.615019013904869
pop_white,,-0.979655655345919,
lon_x,,,-9.50725772327916
lat_y,,20.1798723383571,
