Variable,both,cpd,ucpd
(Intercept),657.819587743414,-206.253990835094,-451.56559690832
primary_typeliquor law violation,,,1.339122659418
primary_typeother,,-0.793419006916074,
primary_typerobbery,1.59777155420003,,
domesticTRUE,,0.333032741816903,
avg_family_size,,,-0.0644496178418741
pop_asian,,-3.04264350234911,
pop_black,,0.334681428017972,
pop_family_hh,,,-2.65704403977373
pop_in_hus,,,-0.595858530891377
pop_white,,-1.10109451661344,
lon_x,,,-12.6893799693881
lat_y,,20.7635859355577,
